,method,Output,nCell,Batch_ASW_batch,Batch_ASW_site,graph_connectivity,graph_connectivity.l1,graph_iLISI,ARI,ARI.l1,AMI,AMI.l1,graph_cLISI,graph_cLISI.l1,isolated_labels_ASW,isolated_labels_ASW.l1,RNA,ADT
0,bindSC-louvain,Embedding,9026.0,0.904890421759122,0.8681516998284063,0.91179588613454,0.9535919502759412,0.1895885304943763,0.5579228725201157,0.5030685353734485,0.7420671599894423,0.7136028809273491,0.9884747820252624,0.9967870407742244,0.585312028725942,0.5761032927781343,R100,A100
1,CiteFuse,Graph,9026.0,,,1.0,1.0,0.1151843738661829,0.0,0.0,-1.616198915343812e-15,-2.287717763707675e-12,0.9468979065491638,0.776944466694517,,,R100,A100
2,MaxFuse-louvain,Embedding,9026.0,0.9002226762612637,0.8978262286138468,0.941039296128562,0.9310462461514882,0.2591286907610666,0.468095796838659,0.4602997866949494,0.7338836936547855,0.7059969601795836,0.9883879505624612,0.9941926007215768,0.5629799092809359,0.5466476682107896,R100,A100
3,MOFA2-louvain,Embedding,9026.0,0.8439244694525199,0.8395773321520797,0.814652491577573,0.8865901823968827,0.1774295396036516,0.3597786394926099,0.3312923277501067,0.6647742588003892,0.6357901393122998,0.9856445682276072,0.996131982334851,0.6084775726000468,0.5477508861571551,R100,A100
4,multigrate_batch-louvain,Embedding,9026.0,0.8293475123518206,0.9077418883624911,0.854519560720303,0.8954617234103525,0.430067789523871,0.4951119343526531,0.4684574157570371,0.7447198163352268,0.696976269187548,0.9893439601662244,0.9962710064442184,0.6205383688211441,0.5991512261331081,R100,A100
5,multigrate-louvain,Embedding,9026.0,0.8465469314332015,0.8654011538095111,0.7545501734680463,0.8811620732151336,0.2241968103441277,0.3213863608255105,0.2967635745947414,0.6560544717813995,0.6230557178313483,0.9858744844274392,0.994862187196456,0.6173520758748055,0.5939002587459982,R100,A100
6,SCALEX-louvain,Embedding,9026.0,0.872642774513055,0.8820990099829309,0.8769994651436049,0.9213132437256232,0.3010627378141999,0.4361857533592316,0.4677227475451552,0.7092579832564003,0.6972209045816784,0.9859104043447277,0.9935786740629804,0.5939684137701988,0.5793966454453766,R100,A100
7,sciPENN_batch,Embedding,9026.0,0.910065654425821,0.9488811488985788,0.455507247975326,0.7024887395666415,0.416135314681963,0.2497084285193011,0.2709016117129603,0.352665022098106,0.3400402629067139,0.9689061481992304,0.8964701769371312,0.4604841967423757,0.4552520198747515,R100,A100
8,sciPENN-louvain,Embedding,9026.0,0.9463181948371296,0.9572566835192582,0.7415707812288546,0.8696690265176488,0.4939964223966612,0.5778540781944247,0.6367950210451755,0.6436329384685696,0.6771897110687165,0.952690379052638,0.9040446415028892,0.4910097162549694,0.4951499451184645,R100,A100
9,scMDC-louvain,Embedding,9026.0,0.8692550342404509,0.8440769391901423,0.8855746121182738,0.8379168347291408,0.1815147495100212,0.4040626904416756,0.3943125350997142,0.7266560211829779,0.6845846867898129,0.992864518528521,0.9991940437614736,0.5108613868554434,0.6324251528829337,R100,A100
10,SeuratV4,Graph,9026.0,,,0.9126293477213828,0.9596330451138811,0.1455440368974063,0.4064528019937985,0.3795469865678652,0.6801736731072154,0.649600361707466,0.9871166523004514,0.99599972222116,,,R100,A100
11,totalVI_batch,Embedding,9026.0,0.8930629018056608,0.9247381658354064,0.9105755564067468,0.8985594570144946,0.3990120903435571,0.628488451645247,0.5476417474766734,0.7785519421228186,0.731915304204551,0.9905320482285772,0.9964822107090612,0.510422500471274,0.5497455014963635,R100,A100
12,totalVI-louvain,Embedding,9026.0,0.8575925750477811,0.8220772248204252,0.8934080065680678,0.956488513703686,0.0986022819273271,0.3537581663482075,0.33707815208559,0.630425779434858,0.6242169729042358,0.987166457036908,0.9938772425135955,0.5909833610057831,0.5454185971058905,R100,A100
13,bindSC-louvain,Embedding,9026.0,0.9070160229779568,0.8867313579172262,0.8569134947896005,0.9464648793982924,0.2851654316996783,0.5124059881000612,0.5314188647505199,0.7275052932916537,0.7231079911830351,0.9841523764057328,0.9924502331297008,0.5543573349714279,0.5608733044937253,R100,A10
14,CiteFuse,Graph,9026.0,,,1.0,1.0,0.1149752997646171,0.0,0.0,-1.616198915343812e-15,-2.287717763707675e-12,0.955572818778743,0.8146650206442221,,,R100,A10
15,MaxFuse-louvain,Embedding,9026.0,0.8983296673623742,0.9075300636347816,0.912785915141713,0.9217182044437294,0.3310239863531295,0.476487112414914,0.4863760886406996,0.7303564763995949,0.7115553163307647,0.9843510190784496,0.9918816939452234,0.5611693989485502,0.5389944447204471,R100,A10
16,MOFA2-louvain,Embedding,9026.0,0.83782056395922,0.8534798505455595,0.8306362919286837,0.8812360077893621,0.198967319376059,0.3628732396364064,0.3507590719935521,0.6758718954618729,0.6478769209045807,0.9834467245436456,0.9929164371535812,0.5964090203245481,0.5416562325321138,R100,A10
17,multigrate_batch-louvain,Embedding,9026.0,0.8320114347363065,0.917464171978292,0.8065644265006415,0.8530398387442913,0.4408820924639578,0.4501057699939959,0.424583944325939,0.7128831850802272,0.6730354204262393,0.9855909569132858,0.9933948432715208,0.6887906789779663,0.5875252284109592,R100,A10
18,multigrate-louvain,Embedding,9026.0,0.8463046014604362,0.8826768310268203,0.7673868643915731,0.8703837275259078,0.2485588275443699,0.3998587848790336,0.3535428149999218,0.672279628577516,0.6351864867692658,0.983295958386174,0.9950706294935228,0.5864254646003246,0.5839168190723285,R100,A10
19,SCALEX-louvain,Embedding,9026.0,0.8773020707720394,0.87530480906826,0.864589212175627,0.9389920338838929,0.2395550183491724,0.3911739214607166,0.4386136056658528,0.694709147173505,0.6893302572161301,0.9855008440771852,0.9938367888617294,0.5925638104478518,0.5778538984246552,R100,A10
20,sciPENN_batch-louvain,Embedding,9026.0,0.9472644831767184,0.9583793955950756,0.7432307671334982,0.8665229701363766,0.4810568864258104,0.5689678202919372,0.6970885742392675,0.6587846582827707,0.71487942240633,0.9626666002350311,0.924153151174472,0.5074848565272987,0.4955241809599101,R100,A10
21,sciPENN-louvain,Embedding,9026.0,0.9487465854158283,0.9604301872557318,0.7153888335283488,0.862636974907125,0.4807834363285931,0.5831606495575586,0.6288331193859612,0.6602676920456045,0.6823071043067536,0.9538314032382368,0.913790249816936,0.505892209863911,0.4946892224252224,R100,A10
22,scMDC-louvain,Embedding,9026.0,0.875091053998244,0.8843088247294556,0.9203442647152694,0.8700478639779444,0.2261620157191492,0.4553477926647189,0.4401375154463546,0.7313530793159956,0.6919770072144921,0.9921687474575986,0.9987032396967648,0.6186085244019827,0.6110278971493244,R100,A10
23,SeuratV4,Graph,9026.0,,,0.881605113970273,0.9266151544334088,0.2049807658793905,0.4108757528794268,0.3803685971211777,0.6954935755704506,0.6700343392024188,0.9869514669525096,0.9944479144978832,,,R100,A10
24,totalVI_batch-louvain,Embedding,9026.0,0.8072833064223177,0.8255965583868087,0.5798059277025361,0.8168750336413207,0.1927019387783884,0.3039389677282627,0.3095800276936546,0.5316005396072003,0.5621932687283111,0.966818464675204,0.9771431389320268,0.6791025300820669,0.4793794995872303,R100,A10
25,totalVI-louvain,Embedding,9026.0,0.8833885954035273,0.871704802340983,0.8907597048969966,0.932624079462762,0.1535966344471535,0.4227358108375463,0.3876644480413245,0.6845257489977208,0.6617812948862652,0.98585834448441,0.9933838214263386,0.5709572459260622,0.5385474271140993,R100,A10
26,bindSC-louvain,Embedding,9026.0,0.8984853767045596,0.8843153331778847,0.8803239090654413,0.9501033339225908,0.235383225217782,0.5520380133340361,0.537573991988742,0.7418498053775104,0.732473649036729,0.98703810484123,0.9957042397388072,0.5692655816674232,0.5681069100275635,R100,A25
27,CiteFuse,Graph,9026.0,,,1.0,1.0,0.0950083899125285,0.0,0.0,-1.616198915343812e-15,-2.287717763707675e-12,0.957562870048864,0.8112572717930262,,,R100,A25
28,MaxFuse-louvain,Embedding,9026.0,0.8946650071093446,0.9058886558517876,0.9299829613577552,0.9108586165129856,0.2959748291955104,0.5157703047618587,0.4955522587774054,0.7445046152124022,0.713150675728585,0.985569399462975,0.9909522581761904,0.5721168542901675,0.5439453597180546,R100,A25
29,MOFA2-louvain,Embedding,9026.0,0.8370339622872768,0.8402169924193924,0.8069227790128987,0.886269777730394,0.1956957984301586,0.3989219198166164,0.3649891810819194,0.6719197481228449,0.6461346022624853,0.9849913671261116,0.99334221378956,0.5747807671626409,0.5421945914626122,R100,A25
30,multigrate_batch-louvain,Embedding,9026.0,0.8362626297106843,0.9095892067598904,0.827664065917003,0.9072403055738294,0.4372911997854081,0.4189729225675657,0.4046279736027051,0.7187478436145762,0.6711270327269135,0.9845112307878736,0.99309527571779,0.6567798554897308,0.5914642823860049,R100,A25
31,multigrate-louvain,Embedding,9026.0,0.8519687471951216,0.8722385562746722,0.7577799189369988,0.8747121677622088,0.2442501776669072,0.346314573401236,0.3302096666470256,0.6742402110303168,0.6453010457217734,0.9847457780241062,0.9938957690356351,0.6658051113287607,0.5842488266527652,R100,A25
32,SCALEX-louvain,Embedding,9026.0,0.8778156300236639,0.8738981112359145,0.8637678904495867,0.9147145607313704,0.2692583908587244,0.3883816070307851,0.4541499255832222,0.6964346309680234,0.6934703672462015,0.9834798112855228,0.9929753628865484,0.626704807082812,0.5771568484604359,R100,A25
33,sciPENN_batch-louvain,Embedding,9026.0,0.9429519503943674,0.9502443050301672,0.7241097410343358,0.888820349605337,0.4923673507434864,0.5645269366944693,0.6356478549184599,0.6382069961113525,0.677412754438139,0.9567420764803224,0.9236613692452011,0.4752086798350016,0.4975088272010907,R100,A25
34,sciPENN-louvain,Embedding,9026.0,0.9430858214187322,0.9566029691577956,0.7212200913427721,0.8649126553488735,0.4842670938001305,0.5538339830799988,0.6720068663651547,0.6513309346975619,0.6987576567128817,0.9595233867918376,0.9284614764590002,0.4905491805014511,0.4972307152114809,R100,A25
35,scMDC-louvain,Embedding,9026.0,0.8594268735040711,0.8608138777268967,0.9119771536800126,0.9220237933417852,0.2032975625100057,0.4785043084659489,0.4297926246290161,0.7422250167224573,0.6960217267086567,0.992842280553625,0.9985078862672582,0.6131931692361832,0.621708919480443,R100,A25
36,SeuratV4,Graph,9026.0,,,0.8991960898801562,0.9450459230738864,0.1765164460710286,0.4197050349122307,0.3797921192953027,0.6969983712512435,0.662466879176432,0.9872272774952416,0.9947179840798106,,,R100,A25
37,totalVI_batch-louvain,Embedding,9026.0,0.8932046816690511,0.932193451991288,0.9156162845867354,0.9233877920504644,0.4096106583461243,0.5980689328860581,0.5256691097534479,0.7681949875008135,0.7208074056385133,0.9880604912591426,0.9950201524556582,0.5345264549056689,0.5431795591022819,R100,A25
38,totalVI-louvain,Embedding,9026.0,0.8746702885095301,0.8551416786651379,0.8897111763994183,0.9401610433805764,0.1134935375535958,0.3971761265962268,0.3730392967945487,0.6706475649259594,0.6502218315464994,0.9868192959739044,0.9937073112612238,0.5990961690743765,0.5398070281138644,R100,A25
39,bindSC-louvain,Embedding,9026.0,0.8975112099391971,0.8786042833206567,0.905386165382226,0.9520175751202158,0.2033939012193903,0.5420241314502879,0.4995607629107758,0.7306796723077711,0.71412794212334,0.9870872438189332,0.9967723984261552,0.5827063197890917,0.5726706393063068,R100,A50
40,CiteFuse,Graph,9026.0,,,1.0,1.0,0.13585590018425,0.0,0.0,-1.616198915343812e-15,-2.287717763707675e-12,0.9528470363379696,0.8018810777592699,,,R100,A50
41,MaxFuse-louvain,Embedding,9026.0,0.901193546390316,0.8979881356434266,0.9256255633395756,0.9543108558668514,0.3011657785144471,0.4848378307693986,0.4553247388690842,0.7388017840914224,0.7054114553795688,0.9873118336507404,0.993878281547687,0.5696271707614263,0.5443962209858,R100,A50
42,MOFA2-louvain,Embedding,9026.0,0.8274330442851303,0.8314177840313048,0.8066243933676123,0.8882667793310489,0.1898870030371541,0.3821461995259998,0.3409353051675775,0.6789102553979697,0.6412780474581881,0.9856817750381434,0.9938831219897528,0.5737297857801119,0.5503134816681268,R100,A50
43,multigrate_batch-louvain,Embedding,9026.0,0.8350382477838488,0.9048074545818584,0.7970296025707986,0.8729994758477149,0.4476440935350768,0.4441542367037535,0.4400481886575027,0.7290244147805427,0.688396963337799,0.9872874312208728,0.99602921621685,0.5881723910570145,0.5915486138314009,R100,A50
44,multigrate-louvain,Embedding,9026.0,0.8718155050710379,0.8954811065695314,0.7893035347081526,0.8877489731298859,0.2365228233447304,0.387942255726618,0.3662121691925264,0.6806205264420596,0.6539268339811831,0.9865555481967996,0.9930535678808976,0.6716851393381754,0.590734010282904,R100,A50
45,SCALEX-louvain,Embedding,9026.0,0.876093285531208,0.892545438506279,0.8827010142223728,0.9371543227418908,0.2812629897890817,0.3973012360474182,0.4755829519137619,0.7076053053078021,0.7016238493651112,0.9852565252140356,0.993573397525283,0.6175131797790527,0.5840010719373823,R100,A50
46,sciPENN_batch-louvain,Embedding,9026.0,0.9460090133861636,0.9549632242700716,0.7386120560353606,0.8948829872239964,0.5010150222205763,0.5671633738280666,0.6403184136811813,0.6448235758470062,0.6911820825937156,0.9526284875999376,0.9118266487009972,0.4823829069112738,0.499464326351881,R100,A50
47,sciPENN-louvain,Embedding,9026.0,0.9467813296383536,0.9567725335985674,0.7645494751609266,0.8817562404852133,0.4847584216396317,0.5828877647730649,0.6409938642270936,0.6674156247990574,0.697213556476931,0.958823613398586,0.9213980073686284,0.510778995230794,0.5001617395086214,R100,A50
48,scMDC-louvain,Embedding,9026.0,0.8587120514077796,0.8208322398594258,0.9213081247248068,0.8557411597012189,0.1813372077247354,0.445932183289131,0.4177773008885763,0.7373548293171398,0.6917830993810955,0.992677977391385,0.9986841126887568,0.5453121525545915,0.6304037927649915,R100,A50
49,SeuratV4,Graph,9026.0,,,0.9329934193759476,0.960060130589354,0.1528479367350056,0.4054998649203116,0.3661280112936396,0.6851761776497879,0.653840188169412,0.986869489804448,0.9932721712538226,,,R100,A50
50,totalVI_batch-louvain,Embedding,9026.0,0.8908770873572023,0.92733380571032,0.8947780390942001,0.9274522467837214,0.4077267441147745,0.669701291073937,0.5766000363920307,0.7709234657107173,0.7206607656878198,0.9907613394775946,0.9965152817631354,0.5356746794035038,0.5452102145005483,R100,A50
51,totalVI-louvain,Embedding,9026.0,0.861119082149797,0.8297312889477947,0.9033457815889196,0.9193451044589006,0.1092669333011583,0.3621887530824746,0.3351046769949778,0.6397988079724845,0.6260289162226561,0.9867022183050372,0.9942335734161464,0.5893070995807648,0.5407969567808323,R100,A50
52,bindSC-louvain,Embedding,9026.0,0.8959702282359249,0.8737596351631902,0.901467033262274,0.9480600708197848,0.1909968536270392,0.4795929348073939,0.4858487769371908,0.7135653860887674,0.7074809361566362,0.9886796209474352,0.9966988334273162,0.5850484694043795,0.5750292561948299,R100,A75
53,CiteFuse,Graph,9026.0,,,1.0,1.0,0.1092602852899984,0.0,0.0,-1.616198915343812e-15,-2.287717763707675e-12,0.9553704715677128,0.8131360832049509,,,R100,A75
54,MaxFuse-louvain,Embedding,9026.0,0.9013790641215068,0.8881092517805357,0.9282442100307742,0.9302308770950116,0.2737114771917476,0.4956355344056319,0.4920244998512231,0.7489240815304123,0.7233535653987736,0.9870669929446751,0.9933122931808592,0.5706292440493902,0.5475194596685469,R100,A75
55,MOFA2-louvain,Embedding,9026.0,0.8518899333230364,0.8476033862696724,0.821006996904266,0.8788456170219986,0.1966376700192584,0.3924576916361268,0.3588948017546248,0.6852617961391971,0.653981182789369,0.984786432060793,0.9953216532210694,0.5800940126258259,0.552576117150602,R100,A75
56,multigrate_batch-louvain,Embedding,9026.0,0.8292379198454811,0.907692458422322,0.8144039782173547,0.8947006759591691,0.4297152974322304,0.4721372422355041,0.4502296793496147,0.7449758591289515,0.6947850824073118,0.9863995539584316,0.9936071439068144,0.5254479249318441,0.5965587373822927,R100,A75
57,multigrate-louvain,Embedding,9026.0,0.8583107691535511,0.8734782103636769,0.7858116276985068,0.897478229270722,0.2241929339838616,0.3742038350605126,0.3272986198382773,0.6785969778476432,0.6368517509786558,0.9849913121381,0.994809112235092,0.6961365739504496,0.5834603740833699,R100,A75
58,SCALEX-louvain,Embedding,9026.0,0.8782579303983031,0.8848197907057813,0.8636060250439601,0.9231179832803356,0.2843325070075839,0.4287590290834425,0.443411075365695,0.714107671551742,0.6877066715131522,0.9845516269516636,0.9935900945034124,0.6063832441965739,0.581338120624423,R100,A75
59,sciPENN_batch-louvain,Embedding,9026.0,0.9430397390498144,0.9539597017211752,0.708809292055532,0.8622086113439924,0.5002631510139985,0.5923912873833325,0.6470968061847859,0.6623034853141114,0.6920283170063047,0.9584768845476028,0.9266998839611,0.4938120904068152,0.496194253466092,R100,A75
60,sciPENN-louvain,Embedding,9026.0,0.9481995236816564,0.9573881642274824,0.7653353769215714,0.8836959351898912,0.494684743913625,0.5798329320934443,0.6455531686345477,0.6518154348869533,0.6851039992350618,0.9545696327669202,0.922067356689637,0.4963450270394484,0.4952410491532646,R100,A75
61,scMDC-louvain,Embedding,9026.0,0.8252975777260463,0.8222306061669359,0.8977564223298605,0.8147311241137544,0.1554262786512099,0.3816042898030876,0.3985477994300996,0.7103096987319852,0.6857259590805714,0.9912487324875292,0.9983697267723484,0.6275525887807211,0.6082749269902706,R100,A75
62,SeuratV4,Graph,9026.0,,,0.9297700003934052,0.9557352398133016,0.1504961728906011,0.4053579973386811,0.3768569235800262,0.6859104612913004,0.6545823073917456,0.987271686617877,0.9955776716873944,,,R100,A75
63,totalVI_batch-louvain,Embedding,9026.0,0.8872945577684332,0.920281321521086,0.9089386246068396,0.9251558213641712,0.403496290343497,0.6579837752279991,0.5923023532408841,0.7859803235873948,0.7470027504551082,0.9908330842586908,0.9964106556604696,0.528633842865626,0.5445111786946655,R100,A75
64,totalVI-louvain,Embedding,9026.0,0.8543623031144723,0.8245111203402907,0.8979278031170131,0.9194961164424856,0.1008797051972262,0.3868699206024203,0.3494872992323265,0.646107466446941,0.6289096031253397,0.9868099674426726,0.9936846962479684,0.5793944969773293,0.5420170979574322,R100,A75
65,bindSC-louvain,Embedding,9026.0,0.9201219160958608,0.9148792424963214,0.8816848058905743,0.9461866823471976,0.2519867401824499,0.4634934586510606,0.5181778225281937,0.6995805630957286,0.7171796106933184,0.982781789799866,0.992940760844598,0.5662108858426412,0.5582218304276466,R10,A100
66,CiteFuse,Graph,9026.0,,,1.0,1.0,0.1355173986317236,0.0,0.0,-1.616198915343812e-15,-2.287717763707675e-12,0.9609193873220054,0.8334580111622073,,,R10,A100
67,MaxFuse-louvain,Embedding,9026.0,0.9024402573742676,0.9060717433021648,0.8945015622129688,0.9460772708098514,0.3499057991441546,0.6935258757640895,0.6730892392405361,0.7119858969507549,0.7201581729237122,0.9780261359705656,0.9821683919607096,0.5263815053428212,0.5275236377317924,R10,A100
68,MOFA2-louvain,Embedding,9026.0,0.8425678354341852,0.8209134790997349,0.804427757927251,0.9246816179161184,0.12078371765655,0.3621067144879872,0.3472916735249491,0.6635180055325602,0.654753933672194,0.9876432879630992,0.9961973804197232,0.5902050075431665,0.5677920108195394,R10,A100
69,multigrate_batch-louvain,Embedding,9026.0,0.8425266262221291,0.905130834997618,0.8407302759111769,0.9143220591638606,0.4020094188840877,0.3999693485608411,0.4220338980876023,0.7231487119938186,0.693542299726329,0.990150882547427,0.997209672801773,0.5483712119360765,0.5988094646483659,R10,A100
70,multigrate-louvain,Embedding,9026.0,0.8415323934536095,0.8114096635986293,0.7473864940830561,0.8753413305655467,0.1534294084532115,0.3486997376772558,0.3171533136088882,0.6513218955000611,0.6265704828523134,0.986036686109626,0.9938642403630944,0.6324466466903687,0.5756772752851248,R10,A100
71,SCALEX-louvain,Embedding,9026.0,0.8453796763623818,0.8668988355060964,0.7683508607569937,0.9036485899994188,0.3152428140317932,0.4170921411188101,0.5587719595432672,0.6573019578864169,0.7109960712619493,0.9738127843975872,0.9882017062947356,0.508934366206328,0.5851661295630037,R10,A100
72,sciPENN_batch-louvain,Embedding,9026.0,0.9462724428467696,0.9732696104188452,0.3816124427580681,0.7268095935574268,0.5091286877873706,0.0938922230538194,0.1384830130129864,0.1479000529003757,0.166973451330842,0.8860418715627028,0.6589591307291585,0.4559605220953623,0.468200418818742,R10,A100
73,sciPENN-louvain,Embedding,9026.0,0.932656254050474,0.962449205596247,0.3785136384175749,0.72962588173896,0.500662579372401,0.17877757834658,0.2200139184027473,0.1786575238094913,0.2076172625334587,0.8896720560788737,0.6654945562598502,0.4402963444590568,0.4662848363630473,R10,A100
74,scMDC-louvain,Embedding,9026.0,0.8619797287757555,0.8625409789887315,0.8666362798513759,0.7395729719432416,0.2280241087738726,0.4025054600265902,0.4522226748028701,0.6972575178692895,0.6984129976747323,0.9884191107773564,0.998664470033784,0.5713870575030645,0.6226411469280719,R10,A100
75,SeuratV4,Graph,9026.0,,,0.8795886202945344,0.9352762952122609,0.1242409638798158,0.3887537782862585,0.3518436437226056,0.6567931226897746,0.6395796897326289,0.9823638840655592,0.9912343406595852,,,R10,A100
76,totalVI_batch-louvain,Embedding,9026.0,0.8830645471269893,0.9160578068519716,0.8919145492862189,0.9256571980102932,0.4041891155901518,0.7581595701846496,0.6837990865647239,0.7716361055919296,0.7441956661169831,0.9853715866610988,0.991709152712722,0.5138420810302099,0.5431407075375319,R10,A100
77,totalVI-louvain,Embedding,9026.0,0.8696631649742859,0.8316555747308351,0.8908189420625304,0.9300843731256248,0.129607673424684,0.3770108029213662,0.3460729294454545,0.6334323122800605,0.6195134656362591,0.983413536014348,0.9909477920286368,0.5468673805395762,0.5314603576203808,R10,A100
78,bindSC-louvain,Embedding,9026.0,0.9262984891999622,0.9258844188781676,0.8443021743025183,0.93342768949613,0.3355565035962631,0.6559781907140959,0.7438043920402037,0.684727808884048,0.7343679563052589,0.9780022725565534,0.9831469752239774,0.5349540101985136,0.5452576011593919,R10,A10
79,CiteFuse,Graph,9026.0,,,1.0,1.0,0.1117208747033244,0.0,0.0,-1.616198915343812e-15,-2.287717763707675e-12,0.9626317754016988,0.8557259364937428,,,R10,A10
80,MaxFuse-louvain,Embedding,9026.0,0.8917405467022205,0.8989595097791242,0.8537989125002691,0.9254070345314084,0.3990581750043823,0.6875580575972537,0.6912114404337794,0.6970464599759735,0.7047619438909776,0.9735744028301508,0.9724629322521272,0.5195739778379599,0.5216138932388276,R10,A10
81,MOFA2-louvain,Embedding,9026.0,0.8526626847077096,0.8393753420009116,0.7412379895427541,0.8847156676920088,0.1728726501527732,0.3672113208794586,0.3581449792581958,0.6189532921124336,0.626365684316421,0.98021679768593,0.9920709022365348,0.5861032456159592,0.5376138474792242,R10,A10
82,multigrate_batch-louvain,Embedding,9026.0,0.8295318432770425,0.8982787779565022,0.841502673287749,0.91978500352747,0.4320148944334505,0.3991883482182081,0.414074566024023,0.7046227759974352,0.6824048836803962,0.9860913436085622,0.9963595535749612,0.6851636071999868,0.6010522852651775,R10,A10
83,multigrate-louvain,Embedding,9026.0,0.8417747205693229,0.8404157528648383,0.7589837648892733,0.8825096114229651,0.222158664355608,0.3243815189095315,0.304844165435348,0.647214021510152,0.6292083964778649,0.9838099738768086,0.9923809442315727,0.580220897992452,0.5768150636926294,R10,A10
84,SCALEX-louvain,Embedding,9026.0,0.901011627042976,0.9013485170099697,0.7896129829049148,0.9039715957405068,0.27677926637996,0.5092397039496781,0.560120717843226,0.6649679817125944,0.7010170764696897,0.9757279656098892,0.9860622928039214,0.5201329787572225,0.5665690409950912,R10,A10
85,sciPENN_batch-louvain,Embedding,9026.0,0.9289419724510078,0.961765622210014,0.3825754256663212,0.7359291402336919,0.489920938177659,0.1480386196064388,0.2016173115442636,0.1700175528983726,0.1999781456456543,0.887767397418513,0.6556064860190879,0.4725293541948001,0.4675781421363353,R10,A10
86,sciPENN-louvain,Embedding,9026.0,0.946941189735432,0.9738678384299,0.3849212747277689,0.7140446211088554,0.5013095976920919,0.1868203296021452,0.2330075478019938,0.1651051733327452,0.1907579525555181,0.8925579997477285,0.6720718192757402,0.4479916815956433,0.4632206134498119,R10,A10
87,scMDC-louvain,Embedding,9026.0,0.8654672803868195,0.8887714535597493,0.871582681778789,0.914097233044698,0.283059768973594,0.4802987664743347,0.4878391679916121,0.7169944666412208,0.6993504616340295,0.987969996439902,0.997125567610265,0.5080786123871803,0.5758953291922808,R10,A10
88,SeuratV4,Graph,9026.0,,,0.854015523238614,0.971372097486938,0.1911994612687604,0.5130886073062282,0.4662516308763018,0.6607163065290201,0.6527445376933466,0.9796524339466712,0.9881665898263408,,,R10,A10
89,totalVI_batch-louvain,Embedding,9026.0,0.9036507719958028,0.9312517150193927,0.8624447229498413,0.9459124950608212,0.4304372225221247,0.6020276682130117,0.5677925301165885,0.716765537219832,0.6941100287984163,0.9792131000572076,0.9822580393151484,0.5126623722414175,0.5347871864913032,R10,A10
90,totalVI-louvain,Embedding,9026.0,0.9061179761594876,0.900742242921166,0.8796045561395385,0.948198752967428,0.2064842471334788,0.524899618867033,0.5011833181008839,0.6671566904791011,0.6604220224089388,0.9790494522901134,0.9816963747831624,0.5060748383402824,0.5295129658770747,R10,A10
91,bindSC-louvain,Embedding,9026.0,0.9172510901106832,0.8949362431071843,0.904451195460764,0.94732409165256,0.214640453535352,0.5094014679292868,0.4782766787899977,0.7198671731369594,0.7055592819895711,0.9852292175256864,0.9945348932513808,0.5758201256394386,0.5691750423051417,R25,A100
92,CiteFuse,Graph,9026.0,,,1.0,1.0,0.1047758394192535,0.0,0.0,-1.616198915343812e-15,-2.287717763707675e-12,0.956350512011792,0.8023518801874174,,,R25,A100
93,MaxFuse-louvain,Embedding,9026.0,0.9105270950627296,0.9137243049268028,0.9164532322246672,0.9433851528828604,0.3101285163005504,0.5314234864991371,0.602377586116468,0.7335713320760322,0.741748925244101,0.98316385625416,0.9922529384081736,0.5382243320345879,0.5336890926584601,R25,A100
94,MOFA2-louvain,Embedding,9026.0,0.8564248204980666,0.7996407167870088,0.8167639415655034,0.934007576306205,0.1295249278005017,0.3891947470087417,0.3422349845949979,0.6752119547660363,0.6497133546910532,0.9882662293484604,0.9955181916165656,0.607521173854669,0.5634416899643838,R25,A100
95,multigrate_batch-louvain,Embedding,9026.0,0.8367632184653803,0.9055816622880212,0.8549388524314954,0.9293076261919992,0.4217011556505456,0.5498441638510072,0.4923926216586546,0.7574751727302079,0.7171833166653891,0.9905331464612032,0.9988859941509182,0.630338524778684,0.6132597434334457,R25,A100
96,multigrate-louvain,Embedding,9026.0,0.8346357538669991,0.831258522174506,0.7824411529943052,0.8977585466487537,0.174439596945971,0.3211474725004738,0.2970874499167893,0.6436678416387817,0.617175571787545,0.9859346295381728,0.9951066334230114,0.6654322445392609,0.5880546511150897,R25,A100
97,SCALEX-louvain,Embedding,9026.0,0.845918896952999,0.8905644352513851,0.8158093151740492,0.9036465128754296,0.3366545164318715,0.4374042317936419,0.5086255098930819,0.6804025880535509,0.7030640475262749,0.9782688177696496,0.9881160339965868,0.4895075683792432,0.5747303305193782,R25,A100
98,sciPENN_batch-louvain,Embedding,9026.0,0.963501674890099,0.9780758159946448,0.500894640382554,0.7946512695293096,0.484219816774066,0.3645201421532165,0.4134488190307211,0.3584413671012558,0.3945254261648092,0.8986563423392849,0.7294044974694152,0.4612387207647164,0.4743698733858764,R25,A100
99,sciPENN-louvain,Embedding,9026.0,0.9464260224299228,0.968686474093884,0.4844700573004584,0.7840084220466419,0.5115923875345408,0.3196111740850839,0.3902367146468617,0.3435898215281191,0.3886729018056118,0.9002358762601599,0.723150646280791,0.4580518243213494,0.4688898792490363,R25,A100
100,scMDC-louvain,Embedding,9026.0,0.8649712560576605,0.8409991218856716,0.859734955922529,0.79808243637513,0.1773129192875843,0.3936152734567681,0.4199229325732027,0.6904297953924411,0.6735366335049655,0.9886257960141576,0.9982851060065886,0.7213166753451029,0.6007797948084772,R25,A100
101,SeuratV4,Graph,9026.0,,,0.8846758969075763,0.9364200562098964,0.1381508503994329,0.3935897838002771,0.3721641491953883,0.6648249867428636,0.6492409206893204,0.984901018727246,0.9929733096735136,,,R25,A100
102,totalVI_batch-louvain,Embedding,9026.0,0.8937149841247513,0.9240428241059728,0.9080250488169296,0.929696723318252,0.4038271674382254,0.7109337415956172,0.6510281841696869,0.7818744352405207,0.7506489644553038,0.987532696302938,0.9934396055590504,0.5580895931149522,0.5448523366823792,R25,A100
103,totalVI-louvain,Embedding,9026.0,0.8630627344233404,0.8261637223829463,0.900902537874235,0.9331619261090408,0.1074883058165316,0.3755978247857781,0.360348785528345,0.6324003805407172,0.6339797546574125,0.9861651634714872,0.9939655709140416,0.5932698597510656,0.5400093676522374,R25,A100
104,bindSC-louvain,Embedding,9026.0,0.9176353354784128,0.903996542169495,0.8846293951006156,0.9160599181557764,0.2756315924458838,0.4908036613599505,0.4894558080905435,0.7213227592772743,0.7134795886984507,0.9839255265481482,0.9933715777280968,0.5545738885800043,0.5615670110099018,R25,A25
105,CiteFuse,Graph,9026.0,,,1.0,1.0,0.099243649816256,0.0,0.0,-1.616198915343812e-15,-2.287717763707675e-12,0.9578677608472872,0.8268483683350386,,,R25,A25
106,MaxFuse-louvain,Embedding,9026.0,0.905053430072552,0.9118636368815788,0.8984934469553004,0.9359704718497366,0.3496933256136717,0.535480048885295,0.5354629321486047,0.7243028019330281,0.7063705824022289,0.9828384888741776,0.9870615471827932,0.5351677667349577,0.5334325931034982,R25,A25
107,MOFA2-louvain,Embedding,9026.0,0.8441255606700176,0.8345639585165477,0.8068457905629656,0.8825047534209203,0.1372240454943696,0.3653177507023548,0.3221202377106636,0.638211030742803,0.6200702083671077,0.9843821910543292,0.9915462951431115,0.6187504182259241,0.5428449165076017,R25,A25
108,multigrate_batch-louvain,Embedding,9026.0,0.837221783128993,0.9066467566370716,0.8277728567231304,0.901118717319353,0.435903966432101,0.492501959525437,0.4688102922193064,0.7378852726356049,0.7009884714169063,0.9881189854862864,0.9967103868889192,0.6448395599921545,0.5916283667087555,R25,A25
109,multigrate-louvain,Embedding,9026.0,0.8578868095774317,0.8559039248478613,0.7942225213800136,0.8818453957337811,0.2057909725163219,0.3644344947962192,0.3355824017534052,0.6590245753700883,0.6273691606021609,0.9864698409125096,0.9948696881890428,0.615045969064037,0.5769530147314071,R25,A25
110,SCALEX-louvain,Embedding,9026.0,0.8901698276020923,0.8969513397196321,0.8220542694555159,0.8896970884048828,0.2772879750592716,0.4701859439582003,0.5076433965630412,0.6815334571952079,0.6856579915518194,0.978225252181994,0.9911161233289624,0.4612253506978352,0.574433027417399,R25,A25
111,sciPENN_batch-louvain,Embedding,9026.0,0.9555947813689784,0.972753129689907,0.4900260879420648,0.78914989521694,0.490622317961104,0.3516610126535056,0.4412772998708136,0.3911186365148406,0.4385410652206568,0.90754911674824,0.7371247388893493,0.4480665065348148,0.4726032949984073,R25,A25
112,sciPENN-louvain,Embedding,9026.0,0.9440995078051666,0.9615805264567268,0.4727111728665831,0.7981044609941662,0.4992974822682799,0.3012680924225661,0.3770888891550958,0.3346944791650515,0.3728963255602143,0.9008792996584848,0.7226353574813595,0.462720051407814,0.4688093414064497,R25,A25
113,scMDC-louvain,Embedding,9026.0,0.8838759935552029,0.8684326930367068,0.9018681299666134,0.7882685354706643,0.2011469513473247,0.4192830038267378,0.4349736637781649,0.7159174212381001,0.6931144498408796,0.9911161928267322,0.9987311234881716,0.6009530276060104,0.6186749963089824,R25,A25
114,SeuratV4,Graph,9026.0,,,0.879498742303263,0.930250901271126,0.1660512827370495,0.386706155809304,0.3670729239334595,0.6615151910907127,0.6415952595338028,0.984268140272122,0.9920643001126436,,,R25,A25
115,totalVI_batch-louvain,Embedding,9026.0,0.8970998943984475,0.9263146212822592,0.90921024070149,0.948579204093113,0.4246924158958686,0.6891683606720713,0.6195188733028499,0.7560433012636383,0.7146570544218995,0.9869063185576205,0.9917818208337152,0.5411976569642624,0.5384595220908522,R25,A25
116,totalVI-louvain,Embedding,9026.0,0.8952724544557952,0.8677866264284273,0.8928132602663899,0.9342992734666298,0.1390371066303964,0.372885977884517,0.356263817717199,0.6447559838977395,0.6314072738690967,0.9837332282378548,0.9890447180066616,0.5733176544308662,0.5319594485219568,R25,A25
117,bindSC-louvain,Embedding,9026.0,0.9055764886449942,0.8785115381119016,0.8868884140304459,0.9532302096042488,0.2024556734472888,0.5199183081433509,0.4795536206656016,0.7287936880603968,0.7083588442475331,0.9862146975004822,0.9953196023979286,0.5938284347454706,0.5739339889958501,R50,A100
118,CiteFuse,Graph,9026.0,,,1.0,1.0,0.1453623165238112,0.0,0.0,-1.616198915343812e-15,-2.287717763707675e-12,0.9511971828444402,0.7935441630704296,,,R50,A100
119,MaxFuse-louvain,Embedding,9026.0,0.906582132467958,0.9118446205883344,0.9254343556328354,0.9514152734446244,0.2838192839074018,0.4750868178701046,0.4538508059703687,0.7230168813896554,0.6871946166315609,0.985958734062567,0.9909195340587008,0.561556413769722,0.5393139468505979,R50,A100
120,MOFA2-louvain,Embedding,9026.0,0.8496106454007282,0.8022057797382839,0.7859489832873082,0.897631579623251,0.1265772977050179,0.3236705412367258,0.2851137565568933,0.6434542228190594,0.6172270325589841,0.9841740480768738,0.9935004656030468,0.6557871500651041,0.5527142411097884,R50,A100
121,multigrate_batch-louvain,Embedding,9026.0,0.8352004442193158,0.9119432808993287,0.8424899967464133,0.8986847875697433,0.428364263245397,0.4958103799129938,0.436040834235406,0.7330975896283595,0.6776937747212177,0.9851560775446624,0.995070527145812,0.5487500211844841,0.5944432899355888,R50,A100
122,multigrate-louvain,Embedding,9026.0,0.8607529783561293,0.8639552532552885,0.7846612050457517,0.8919430527955445,0.2106418378223262,0.3697992611259553,0.3296090810816062,0.6795835964686138,0.6429054277100064,0.9851980044879076,0.9932514976187712,0.6902268826961517,0.5904061766341329,R50,A100
123,SCALEX-louvain,Embedding,9026.0,0.8648348020136101,0.8951467589549038,0.8550083462010979,0.9138104509504807,0.3304784609250137,0.4497511717015702,0.5217764854853801,0.7084912309034701,0.7039099266254079,0.9820554287393828,0.992431164134802,0.5980659822622935,0.5784350962378084,R50,A100
124,sciPENN_batch-louvain,Embedding,9026.0,0.9496710636244258,0.973583403537878,0.6126761696429885,0.8406490801340161,0.4936692753635617,0.4389741877776906,0.5681678358490595,0.5118456181563277,0.5726908928968274,0.9238349836213774,0.817512866409454,0.485143036271135,0.4804959949105978,R50,A100
125,sciPENN-louvain,Embedding,9026.0,0.9573116503264928,0.9745545609927648,0.6000326269965588,0.8297625095055603,0.5014686640130157,0.4195043741009438,0.5336765217687685,0.4906906400684135,0.548936607596746,0.9197178223361564,0.7912783539821611,0.4855247152348359,0.4756004973314702,R50,A100
126,scMDC-louvain,Embedding,9026.0,0.8678545372465475,0.837031384813837,0.887598761889209,0.7965821339876633,0.1731899736457126,0.4247064788424187,0.406335810726307,0.7195210114414134,0.6837709331155537,0.9901071505306548,0.9987099601291156,0.6291961769262949,0.616731521487236,R50,A100
127,SeuratV4,Graph,9026.0,,,0.9191259799021144,0.9392205414230788,0.1397772167115353,0.3967573171108421,0.3565144641411948,0.6720970567834484,0.6471415418188848,0.9863328943271,0.994825245933252,,,R50,A100
128,totalVI_batch-louvain,Embedding,9026.0,0.8851844894297249,0.9233466986488238,0.9211295561268548,0.9236221705876836,0.4048726918643906,0.6580589790329934,0.6062578179805281,0.7836371376966303,0.7512836939889974,0.9911770538617264,0.9961973855279724,0.5120650554696718,0.5464003732427954,R50,A100
129,totalVI-louvain,Embedding,9026.0,0.8569398184792207,0.8277656202640976,0.9133008960446978,0.9525346710931062,0.1125199421560232,0.3835158621422064,0.343321193962709,0.6442470733350633,0.6259441636468079,0.9870057271774272,0.9930541188107592,0.5696230319639047,0.536784702539444,R50,A100
130,bindSC-louvain,Embedding,9026.0,0.9035792468786428,0.8873226130565657,0.9057413987817228,0.927488159564492,0.2298775566590729,0.5173167963662079,0.488718145453909,0.7231409023821554,0.7037972067782826,0.9859738478073856,0.9953512283714724,0.5889523799220721,0.5706744939088821,R50,A50
131,CiteFuse,Graph,9026.0,,,1.0,1.0,0.1043375563316972,0.0,0.0,-1.616198915343812e-15,-2.287717763707675e-12,0.9539173554532449,0.7926778992257528,,,R50,A50
132,MaxFuse-louvain,Embedding,9026.0,0.905074326547311,0.9118416617399524,0.931267215705946,0.9513052738989026,0.3116422065156792,0.5409837609896374,0.525778680994328,0.7397400364970322,0.7169145116609098,0.9858755792111118,0.9922658606098164,0.5581418933967749,0.5385681638494134,R50,A50
133,MOFA2-louvain,Embedding,9026.0,0.8482806814293112,0.8102804508406592,0.8063423180388622,0.9107231400580448,0.1312954738152867,0.4350610849551288,0.3685823080664711,0.663220551163252,0.6381438302632386,0.9845272874528088,0.9937594200017964,0.653527115782102,0.5471839640289545,R50,A50
134,multigrate_batch-louvain,Embedding,9026.0,0.8358001697107422,0.9186898332594136,0.8196609098796275,0.8878016168001583,0.4369213576353539,0.437417147463663,0.3987980849158046,0.7281402118870078,0.6731187044153017,0.9876631177827082,0.995451267070265,0.5180333517491817,0.5981244675815105,R50,A50
135,multigrate-louvain,Embedding,9026.0,0.8594826977426123,0.8704571129210895,0.8044250358607512,0.8801604510872367,0.2221373617296942,0.4129488648399977,0.3651587752892163,0.666749813363709,0.6394703677502229,0.9863719533021604,0.9936079380578826,0.6598778913418452,0.586426417529583,R50,A50
136,SCALEX-louvain,Embedding,9026.0,0.8789527320698869,0.8953251793602235,0.8428671047438494,0.9318499296549864,0.3117667325218566,0.4082551360730553,0.4985530481043512,0.6979249452104774,0.6968681328651101,0.9827345996439862,0.9918836186130224,0.5442944100747505,0.5799448052886873,R50,A50
137,sciPENN_batch-louvain,Embedding,9026.0,0.9574764528976,0.9720552391650236,0.6022820019073986,0.8416070303706722,0.4909101832966318,0.4889176964084568,0.5624446219170885,0.5220957744504595,0.5653452184319716,0.9207574426037386,0.8158226114847459,0.4971702732145786,0.4806038483977318,R50,A50
138,sciPENN-louvain,Embedding,9026.0,0.9566125862057208,0.9718766715691374,0.5615390235851517,0.8307277764219204,0.4947576459629891,0.3718878945464263,0.4583341783121851,0.5013616874993873,0.5476602876554351,0.9227676838029972,0.8049622741613601,0.4772762736926476,0.4729889692738652,R50,A50
139,scMDC-louvain,Embedding,9026.0,0.8707872559971497,0.8637389402796549,0.9119301189460296,0.9260811610120852,0.2184909377865548,0.4685754848742572,0.4373620242058556,0.7388836537833887,0.6983269314647058,0.9930422423953515,0.9985177120150254,0.61744757493337,0.6250761106610299,R50,A50
140,SeuratV4,Graph,9026.0,,,0.9155824060338174,0.9517572258464612,0.1494502846439594,0.3999357721791901,0.3488818765875887,0.6707138358523614,0.6430974895914153,0.9858422728133244,0.99346970133487,,,R50,A50
141,totalVI_batch-louvain,Embedding,9026.0,0.8966391209903265,0.9272889818433638,0.8962500271906408,0.9540728876092048,0.4110105994154653,0.7330969433014827,0.6296395381008839,0.7828449761058065,0.7333644382521048,0.989654689257443,0.9948791258693612,0.5298399527867635,0.544329444388859,R50,A50
142,totalVI-louvain,Embedding,9026.0,0.8692245989594073,0.8411628402180225,0.8808232371084148,0.9419107965486138,0.1229348448105628,0.3985562841792649,0.3616923016337616,0.6647168115101938,0.6405374046804788,0.9864130873605398,0.9926809396505782,0.5540934192637602,0.5385776863899082,R50,A50
143,bindSC-louvain,Embedding,9026.0,0.9014874002462808,0.8794761770138392,0.9003307113019219,0.948378880583442,0.199727914912786,0.5086606530016563,0.4694773042842365,0.7213002849146518,0.6993126466375543,0.9868982029569892,0.9958098677074106,0.5751940024395784,0.5751494161784649,R75,A100
144,CiteFuse,Graph,9026.0,,,1.0,1.0,0.122222287141324,0.0,0.0,-1.616198915343812e-15,-2.287717763707675e-12,0.952343536544267,0.7799361536146864,,,R75,A100
145,MaxFuse-louvain,Embedding,9026.0,0.899394919560264,0.8871401806801148,0.9408923029085036,0.952192957824698,0.2665726513582833,0.5185410911911118,0.4793765137728904,0.7395425620553723,0.70398585500252,0.9874961230820382,0.9927385064076444,0.5725350752472878,0.5465474543860183,R75,A100
146,MOFA2-louvain,Embedding,9026.0,0.8473940804902274,0.8069590317381925,0.8170048325109593,0.8908529237844046,0.142259439116394,0.3584550238322855,0.3142750115382942,0.6484507768284241,0.6188891026857125,0.9837518173074492,0.9948600163130058,0.6650599737962087,0.5546239770948886,R75,A100
147,multigrate_batch-louvain,Embedding,9026.0,0.8207466074511196,0.9083159848338352,0.8103503713944592,0.8430299968354517,0.4369487904705487,0.4926938104442226,0.4605879262376942,0.7419071845732086,0.6949860821605024,0.9840119343872934,0.9936980494761922,0.565018410483996,0.5938752509653569,R75,A100
148,multigrate-louvain,Embedding,9026.0,0.8374600564984873,0.8528733494410197,0.7562703745587586,0.8792523010797565,0.2173636812884752,0.3393261136697559,0.2931814137408295,0.6571414562809722,0.6124571781587755,0.9847927657687284,0.991884202408182,0.6437456359465917,0.5815525593236088,R75,A100
149,SCALEX-louvain,Embedding,9026.0,0.8729934405580663,0.8793515950846489,0.8421470862971131,0.9367438643281536,0.3046951455977753,0.4112476621528254,0.4651398498629593,0.6955760742411633,0.6866433420112822,0.983213859919654,0.9921643181602604,0.57207819322745,0.5772352319210767,R75,A100
150,sciPENN_batch-louvain,Embedding,9026.0,0.94558762243506,0.964468676961296,0.6749006459020876,0.8597541531060339,0.5052428523233465,0.5529882815897308,0.6170055340771944,0.6160514706507518,0.6582923875240784,0.9443632958992492,0.8855964046841697,0.4847055928160746,0.4885134494397789,R75,A100
151,sciPENN-louvain,Embedding,9026.0,0.9530057347111104,0.9648970891297384,0.6878006804439872,0.8628167582504649,0.5052243587783327,0.5375539133164405,0.6035232488438451,0.5960596294598942,0.6316443652729389,0.943225107943692,0.8669671952354379,0.4880071173732479,0.485646054627432,R75,A100
152,scMDC-louvain,Embedding,9026.0,0.8601082743000138,0.8202687541291286,0.8888494401025087,0.859185466785901,0.2045695571200867,0.4288318819739906,0.4086579105576268,0.7252114206852617,0.6817698991807642,0.9922172831087092,0.9984641609853352,0.5843596955140432,0.6279330551624298,R75,A100
153,SeuratV4,Graph,9026.0,,,0.906980717284104,0.9593590195003694,0.1437503102535464,0.4092050251815824,0.3793373112245882,0.6832347092218447,0.6551469611686362,0.9867889203134672,0.9945546038565296,,,R75,A100
154,totalVI_batch-louvain,Embedding,9026.0,0.8968440815024767,0.9317596934049844,0.9209779735172304,0.9281089586554048,0.3951130792823143,0.7698420895769816,0.694851313308956,0.7944404851008947,0.7614938089033997,0.9898505651741968,0.9955749355289488,0.5130023285746574,0.5515374978072941,R75,A100
155,totalVI-louvain,Embedding,9026.0,0.8486886326882086,0.7983884104961197,0.8800540529760752,0.9583651608118848,0.0993436611803349,0.3604459120980574,0.3180584658570251,0.6376995764941253,0.6154942570324391,0.986234613808669,0.9928132040889652,0.5958113173643748,0.5394702084362507,R75,A100
156,bindSC-louvain,Embedding,9026.0,0.9057423792385848,0.8797684706994259,0.9140083505556442,0.946345628675732,0.2134264022845199,0.4864116909206731,0.4630301845148915,0.7283631561926379,0.7011057323787168,0.9868525168765584,0.9953374351560352,0.575609194735686,0.5741427019238472,R75,A75
157,CiteFuse,Graph,9026.0,,,1.0,1.0,0.109749102288613,0.0,0.0,-1.616198915343812e-15,-2.287717763707675e-12,0.9525323221618236,0.8016689835916101,,,R75,A75
158,MaxFuse-louvain,Embedding,9026.0,0.901862175667546,0.9051548955202018,0.9305356842727884,0.9473179510813626,0.2825821670521904,0.4717924171874708,0.486387586119608,0.7299446029451033,0.713307321700666,0.9864758022747764,0.9902668464948466,0.5766954471667608,0.5399779926985502,R75,A75
159,MOFA2-louvain,Embedding,9026.0,0.841765304955787,0.8144498577087951,0.8141323305411793,0.890947299280073,0.1416475496869346,0.3372975083191656,0.3149056301227778,0.6394290990935273,0.6192477969733281,0.9833336480421956,0.9944149191902988,0.6725425918896993,0.5531690569594503,R75,A75
160,multigrate_batch-louvain,Embedding,9026.0,0.8267687349331656,0.9083913934150216,0.8288409046883417,0.9309505154657678,0.4330894527231717,0.4295603077385059,0.4122161696627619,0.7227988934928079,0.6799928669094719,0.9878319445626076,0.996048564092426,0.5980624854564667,0.5946901911869645,R75,A75
161,multigrate-louvain,Embedding,9026.0,0.8529999423956531,0.8847471898709437,0.7626238898729162,0.8783354342195373,0.229717861656761,0.3514097741185793,0.3197755481257658,0.677201248214941,0.6413751131026133,0.9854443968766908,0.9937329435286052,0.6252239098151525,0.5926056900061667,R75,A75
162,SCALEX-louvain,Embedding,9026.0,0.8719272680025855,0.8826027034935175,0.8499339220806529,0.914381673356292,0.2751008767523863,0.386214770109426,0.4421330839746623,0.6973454406115703,0.6845117408955709,0.9829818426687106,0.9915963091517468,0.551479863623778,0.5774913577595726,R75,A75
163,sciPENN_batch-louvain,Embedding,9026.0,0.9532258091041752,0.96826284486129,0.6852645848379505,0.86270219455029,0.4980172611800749,0.5540173941030132,0.6035587795391962,0.5992275506663396,0.6251135870826271,0.931709832863291,0.84708920107709,0.4749475507996976,0.4851506123319268,R75,A75
164,sciPENN-louvain,Embedding,9026.0,0.9567920541652236,0.9685639884386362,0.6590987222663838,0.8460221282558218,0.4954771648637756,0.5358568473997608,0.6083121855761516,0.6046782152965132,0.6520508384718774,0.9325516718740292,0.8684198597862353,0.490578838934501,0.484189324080944,R75,A75
165,scMDC-louvain,Embedding,9026.0,0.849638606935994,0.8077383150934025,0.8931318117200263,0.8424453386682652,0.1594425201041377,0.338864178769876,0.3565106810605539,0.687131614813779,0.6660432461583414,0.9901783081976252,0.9985446082761046,0.7163848082224528,0.6228014232590795,R75,A75
166,SeuratV4,Graph,9026.0,,,0.9111396972362752,0.9367030030351224,0.1488667570637184,0.4072447217168898,0.365014689500015,0.6818603797115623,0.6558736315592255,0.9873668693229116,0.9951996565639636,,,R75,A75
167,totalVI_batch-louvain,Embedding,9026.0,0.8881427845554327,0.9210742668915136,0.9182302073014524,0.928341354431416,0.4023942766148203,0.6552173854971232,0.5923176599251556,0.7819050144097035,0.7386670076794541,0.9909087129018168,0.9965434743848328,0.5248667427028219,0.5485588965471834,R75,A75
168,totalVI-louvain,Embedding,9026.0,0.865277802157922,0.8402974958989765,0.9040174287678632,0.9471591300165842,0.1171591074839529,0.3902573048439814,0.3534127027414827,0.6529169766743361,0.6289529451471473,0.9871203018695892,0.9939894886994988,0.5810151845216751,0.5399500396102667,R75,A75
