,method,Output,nCell,Batch_ASW_batch-RNA,Batch_ASW_site-RNA,graph_connectivity_label-RNA,graph_connectivity_label.l1-RNA,graph_connectivity_cluster-RNA,graph_iLISI-RNA,ARI-RNA,ARI.l1-RNA,AMI-RNA,AMI.l1-RNA,graph_cLISI-RNA,graph_cLISI.l1-RNA,isolated_labels_ASW-RNA,isolated_labels_ASW.l1-RNA,Batch_ASW_batch-ATAC,Batch_ASW_site-ATAC,graph_connectivity_label-ATAC,graph_connectivity_label.l1-ATAC,graph_connectivity_cluster-ATAC,graph_iLISI-ATAC,ARI-ATAC,ARI.l1-ATAC,AMI-ATAC,AMI.l1-ATAC,graph_cLISI-ATAC,graph_cLISI.l1-ATAC,isolated_labels_ASW-ATAC,isolated_labels_ASW.l1-ATAC,FOSCTTM,nearest_cell_barcode,nearest_cell_barcode-RNA,nearest_cell_barcode-ATAC,nearest_cell_celltype,nearest_cell_celltype-RNA,nearest_cell_celltype-ATAC,nearest_cell_celltype.l1,nearest_cell_celltype.l1-RNA,nearest_cell_celltype.l1-ATAC,s1d1,s3d10
0,cobolt-louvain,Embedding,6781.0,,,0.9875193115438704,0.989012277701577,1.0,,0.5609520634181031,0.4546863760518907,0.7800291088612445,0.7044250324882959,0.9872136459020588,0.9976051758060518,0.5924773642383508,0.6015567659956584,,,0.94914427593076,0.9666760482095038,1.0,,0.5539767298393433,0.4905152901032141,0.7299558438062322,0.6915917573290469,0.9704485635672382,0.9816763515867032,0.5451158300451545,0.5790752689401208,0.0825633447864478,0.00258074030379,0.0025070048665388,0.0026544757410411,0.5491815366465123,0.5962247456127415,0.5021383276802831,0.6964312048370447,0.7434006783660227,0.6494617313080666,R10_A10,R100_A100
1,MIDAS-louvain,Embedding,6781.0,,,0.978577257114708,0.9945041533981084,1.0,,0.6134915562502,0.537738658688428,0.8029093080294941,0.7513308987686718,0.9881058523095174,0.994278328858936,0.5651975613146653,0.5602116397397525,,,0.9291599901088068,0.9669929990188276,1.0,,0.3884257584582172,0.3630967971476762,0.6488224000231001,0.626253181601543,0.9685076114901976,0.985303836684632,0.5320726584122645,0.5467537845690964,0.1225627915260073,0.0072998082878631,0.0081108980976257,0.0064887184781005,0.6996018286388438,0.7133166199675564,0.6858870373101312,0.8245096593422798,0.8326205574399056,0.8163987612446542,R10_A10,R100_A100
2,multigrate-louvain,Embedding,6781.0,,,0.958661822440968,0.9581920428118232,1.0,,0.5615730498082506,0.4548738431311283,0.804595673266249,0.718325750456674,0.993369830415754,0.9996267112272726,0.626598524688318,0.6449382983929317,,,0.8566617819052593,0.9320252889569234,1.0,,0.3441023828502141,0.323580209109538,0.5966214837976098,0.5724465953377655,0.9634319515644668,0.9733600668133776,0.5027043280286688,0.5712619619166792,0.3644787463501176,0.0004424126235068,0.0005898834980091,0.0002949417490045,0.2094823772304969,0.1996755640760949,0.2192891903848989,0.3817283586491667,0.2459814186698127,0.5174752986285208,R10_A10,R100_A100
3,multivi-louvain,Embedding,6781.0,,,0.990048486673198,0.99415798034206,1.0,,0.670466799921797,0.5168958664340738,0.841509754325071,0.7438549253766535,0.9935581149764624,0.9980638310159688,0.629634712367558,0.5970793209228941,,,0.9513115785691736,0.971361056128254,1.0,,0.5703200476075445,0.4941320511536475,0.7538364824332726,0.7004641718211891,0.981264866154144,0.988332205166508,0.572588099513546,0.5777590979818572,0.0959457448976567,0.003613036425306,0.0033918301135525,0.0038342427370594,0.6803568795162955,0.7009290665093644,0.6597846925232267,0.8023152927296859,0.8103524553900605,0.7942781300693114,R10_A10,R100_A100
4,scmomat-louvain,Embedding,6781.0,,,0.9839286822349316,0.99327538378717,1.0,,0.4958484986946199,0.4535522113903038,0.747866223579934,0.7037200183726912,0.9881990433627008,0.9977239716552994,0.5575821056465484,0.5614595871667221,,,0.9243183546456076,0.968023768876248,1.0,,0.4206847565050171,0.3761252085476211,0.6137711658285672,0.5880241441077044,0.9610827165548512,0.972010775831589,0.5119609074191954,0.5376607202213566,0.4772506222603251,7.37354372511429e-05,0.0,0.0001474708745022,0.1134051024922577,0.1147323403627783,0.1120778646217372,0.1809467630143046,0.1881728358649166,0.1737206901636926,R10_A10,R100_A100
5,cobolt-louvain,Embedding,6781.0,,,0.9801526079088386,0.9850880604349032,1.0,,0.597261487735687,0.5240830765015719,0.8040819091810748,0.7475240956737335,0.985735279094641,0.998213925057814,0.5953315150238557,0.6143502726591348,,,0.9616593580575412,0.972113440843428,1.0,,0.4910181505930828,0.4593670360307509,0.7212152925553256,0.6944849504217953,0.9715050123913628,0.9909169037155016,0.5576280242640829,0.6014689592454143,0.0697925214629276,0.0038342427370594,0.004129184486064,0.0035393009880548,0.6420881875829524,0.692965639286241,0.5912107358796638,0.7803421324288453,0.8082878631470285,0.7523964017106621,R25_A25,R100_A100
6,MIDAS-louvain,Embedding,6781.0,,,0.9918860448194788,0.9949621169801336,1.0,,0.5442987193289056,0.4746624129547432,0.7709274762553792,0.7127445804416319,0.9874352156652094,0.9925801986423584,0.5659364242242255,0.5556029323275845,,,0.930094743033292,0.958437139787944,1.0,,0.3893761849320964,0.3494198779153122,0.656376955004959,0.6234298999450378,0.972851386392878,0.9825084501863052,0.5338813615087075,0.5470767115626034,0.119693590275543,0.0081846335348768,0.0089957233446394,0.0073735437251142,0.7120631175342871,0.7289485326647988,0.6951777024037753,0.8537826279309837,0.8658015042029199,0.8417637516590474,R25_A25,R100_A100
7,multigrate-louvain,Embedding,6781.0,,,0.9656494576224528,0.9586092015500648,1.0,,0.5688306620303009,0.4380175560862552,0.8093811851496345,0.7176841852701968,0.9957005514392184,0.9996761420784204,0.6607837350479625,0.6492589894654553,,,0.8822965557999721,0.9247918912659544,1.0,,0.4122019186176188,0.4013277704696011,0.6543241127814032,0.6348375481983577,0.9630989173068149,0.9796002205715052,0.5309238434778655,0.5914591637886282,0.143509473204068,0.0013272378705205,0.0014747087450228,0.0011797669960182,0.4402742958265742,0.3997935407756968,0.4807550508774517,0.6683380032443592,0.6497566730570712,0.6869193334316472,R25_A25,R100_A100
8,multivi-louvain,Embedding,6781.0,,,0.9933029639695612,0.993372351476152,1.0,,0.6538733978815171,0.5596342391986998,0.8320338538963408,0.7679792270070297,0.9945657510056972,0.998346561909306,0.6297593472516991,0.6083827079403148,,,0.9738469798155543,0.9710100166016732,1.0,,0.5510468710587106,0.4567257280544001,0.7516974834601146,0.6861127910215135,0.9819651404936044,0.9913150510944608,0.5804910860995777,0.5841920802960059,0.0609192374374811,0.0068573956643562,0.007226072850612,0.0064887184781005,0.7773189795015485,0.7954578970653295,0.7591800619377673,0.874133608612299,0.890576611119304,0.8576906061052942,R25_A25,R100_A100
9,scmomat-louvain,Embedding,6781.0,,,0.9587084762025848,0.9915782037354284,1.0,,0.543743977697196,0.4576767050841152,0.7823864005985289,0.7158346355554045,0.9887561986575838,0.9984392746282208,0.5624469246170637,0.574119324417555,,,0.933072955062192,0.957309877025054,1.0,,0.3943178776210992,0.3387364610929175,0.6002149961067853,0.5693409271883696,0.96156351496589,0.9721090346158232,0.5143463646453599,0.542968759755545,0.4836925615242898,0.0005898834980091,0.0005898834980091,0.0005898834980091,0.1435628963279752,0.14968293761982,0.1374428550361303,0.2047633092464238,0.1909747824804601,0.2185518360123875,R25_A25,R100_A100
10,cobolt-louvain,Embedding,6781.0,,,0.9874952072981772,0.9905005281920278,1.0,,0.6277073091622508,0.5135921289224324,0.8114613373182763,0.7359154842140276,0.9893555643341092,0.9991711063374934,0.606135648506406,0.6252446058815654,,,0.9671428722030232,0.9615932783965808,1.0,,0.5207490312989718,0.5403833916223207,0.7317225339612895,0.7214481430340057,0.9727557469519812,0.9870242165076728,0.5543548663603607,0.5865858550075882,0.0550764679218443,0.0061200412918448,0.0056038932310868,0.0066361893526028,0.6962099985252912,0.7417784987464976,0.6506414983040849,0.8164724966819052,0.8517917711252028,0.7811532222386078,R50_A50,R100_A100
11,MIDAS-louvain,Embedding,6781.0,,,0.9952495474006045,0.9957033252414872,1.0,,0.6193452166776956,0.5292164251751185,0.7921828702827342,0.7344687354738426,0.987233103035656,0.9942202398286084,0.5752529244079142,0.5666135816834516,,,0.9567691982599962,0.9763334495236174,1.0,,0.4653575817116206,0.4076042735943201,0.6830525771756905,0.6471716476950091,0.9733376578330531,0.9851273992355324,0.543397161823459,0.5473569031410119,0.1010740059563792,0.0106179029641645,0.0107653738386668,0.0104704320896622,0.7701666420881876,0.7944256009438136,0.7459076832325615,0.8574693997935408,0.8733225188025365,0.8416162807845451,R50_A50,R100_A100
12,multigrate-louvain,Embedding,6781.0,,,0.9812379178942872,0.9833131292927376,1.0,,0.5786396137145587,0.4483376394875352,0.8098025394070323,0.7201906231826696,0.9962191576328238,0.999797772586426,0.6561645357212053,0.672713947231435,,,0.8931717634580174,0.941528315190184,1.0,,0.4690500057093507,0.4635214877031042,0.6362130943065097,0.6218223756700638,0.9660184940583384,0.9777277243990864,0.5223914008638582,0.5774591396077258,0.2317661267208677,0.0012535024332694,0.001032296121516,0.0014747087450228,0.3117534286978322,0.2888954431499779,0.3346114142456864,0.4671877304232414,0.4642383129331957,0.4701371479132871,R50_A50,R100_A100
13,multivi-louvain,Embedding,6781.0,,,0.9894561366484416,0.9865829772057476,1.0,,0.6680749375619957,0.5096108697536835,0.8374212400034982,0.7429334050523287,0.9950708599551488,0.9994377349367464,0.6428709745666209,0.6277863221125561,,,0.976758225418926,0.97406803552569,1.0,,0.5754982614638394,0.4948864760303311,0.761572358869575,0.7085782359935178,0.9830379279383716,0.9946351387283964,0.5946326206278053,0.6037017137267857,0.0495949378931446,0.0081108980976257,0.0091431942191417,0.0070786019761097,0.7747382391977584,0.8159563486211473,0.7335201297743695,0.8770092906650937,0.902964164577496,0.8510544167526913,R50_A50,R100_A100
14,scmomat-louvain,Embedding,6781.0,,,0.97640751685602,0.9918608176967588,1.0,,0.5573675956235856,0.4728926830552623,0.7716988694114774,0.704925326413149,0.9868614098436284,0.996164908293293,0.5608241762896065,0.5655161129466676,,,0.9155196869855748,0.94017255144308,1.0,,0.3786607654491363,0.3349955957709926,0.5841348357088659,0.5527892671827253,0.9631476280328136,0.9736921963908808,0.5261491239732804,0.5531379597370051,0.3450590221674103,0.0009585606842648,0.0007373543725114,0.0011797669960182,0.2288010617902964,0.2511428992773927,0.2064592243032001,0.3761244654180799,0.3925674679250848,0.359681462911075,R50_A50,R100_A100
15,cobolt-louvain,Embedding,6781.0,,,0.9857189125634388,0.990661879464735,1.0,,0.531767265285406,0.4465405679620561,0.7842106266509361,0.7111243120618658,0.9891174826526304,0.9990214760375496,0.607701354676991,0.6309470846108097,,,0.9636662800981596,0.9725781116025852,1.0,,0.4815641137700849,0.4718832659540819,0.737712487712161,0.7108122577258881,0.9751878120764929,0.9940067669032282,0.5671577196716029,0.603537663407468,0.0521232880868217,0.0071523374133608,0.0067836602271051,0.0075210145996165,0.726515263235511,0.7602123580592833,0.6928181684117387,0.8444919628373396,0.8646217372069016,0.8243621884677776,R75_A75,R100_A100
16,MIDAS-louvain,Embedding,6781.0,,,0.9927799505037586,0.9941332451482991,1.0,,0.6459354322422824,0.5438933632977577,0.8029639601421704,0.7407516446300828,0.9901279956035272,0.9947736832902612,0.5755589688270651,0.5691130504196554,,,0.9633847441631116,0.9759065636940674,1.0,,0.4285697251051231,0.348629622520215,0.6650541082077626,0.6145937370462897,0.9726157887703136,0.9847176468913004,0.5494292095651396,0.5464383752763234,0.0938533047774974,0.0130511723934522,0.0137147913287125,0.012387553458192,0.7838076979796491,0.8094676301430468,0.7581477658162513,0.8654328270166642,0.879811237280637,0.8510544167526913,R75_A75,R100_A100
17,multigrate-louvain,Embedding,6781.0,,,0.9755692262013808,0.9807915985319896,1.0,,0.5924862544591439,0.4580732148677495,0.8161924447351553,0.7250506342993316,0.996415568714695,0.9997485609146176,0.6773320271954734,0.677120408792636,,,0.9053559564943354,0.925512637290138,1.0,,0.4503814507558923,0.4353561653513492,0.6413964896984308,0.6316247929115814,0.964800751346003,0.9835274389209816,0.524046863347941,0.5846230505983318,0.1267791515024772,0.0018433859312785,0.0017696504940274,0.0019171213685297,0.4909305412181094,0.4950597257041734,0.4868013567320454,0.7257041734257483,0.796195251437841,0.6552130954136558,R75_A75,R100_A100
18,multivi-louvain,Embedding,6781.0,,,0.9926076599568204,0.9946371431443752,1.0,,0.6491999431180778,0.5586223784595813,0.8323726455926003,0.7670469072323907,0.9942902145414432,0.9988826622236212,0.6353135885801974,0.6132504889430602,,,0.9765510162139626,0.9792521353402036,1.0,,0.6112141052198212,0.4978018438758268,0.7802362503391091,0.707147394160773,0.9857238921522664,0.9901736978808188,0.6006415097666108,0.591655278395706,0.0435813296435965,0.0098805485916531,0.0100280194661554,0.0097330777171508,0.8184633534876862,0.8329154991889102,0.8040112077864622,0.8826869193334317,0.8936734994838519,0.8717003391830114,R75_A75,R100_A100
19,scmomat-louvain,Embedding,6781.0,,,0.9793177192822474,0.9900692667669488,1.0,,0.5014003617552032,0.4216042047611719,0.737147144673724,0.6819880091013969,0.9857044129411489,0.9964841744325592,0.5747103383845742,0.5829905527577333,,,0.9274623071442876,0.9676869722163568,1.0,,0.366387832513342,0.3582089976535886,0.6102476756100838,0.5881408362351145,0.963393349080307,0.9748783601958516,0.5171854083190319,0.5566328767053722,0.2542101673306191,0.0016959150567762,0.0011797669960182,0.0022120631175342,0.4475003686771862,0.4371036720247751,0.4578970653295974,0.6291844860640023,0.6205574399056186,0.6378115322223861,R75_A75,R100_A100
20,cobolt-louvain,Embedding,6781.0,,,0.9845306993045608,0.9881696665998664,1.0,,0.6467053824428427,0.5237206460065764,0.819606056778485,0.7439164868073018,0.9918208171304066,0.9986494075247112,0.6131159020076032,0.6321085049039201,,,0.9732888152249104,0.9816167091724886,1.0,,0.576792556648147,0.5195671426138383,0.74710197860408,0.7058098397222741,0.9776751513526758,0.9889610935154948,0.5725184202921647,0.6037232862089107,0.0504603533546557,0.0071523374133608,0.0067836602271051,0.0075210145996165,0.7350685739566436,0.7678808435334021,0.702256304379885,0.8481787346998968,0.8753871110455685,0.820970358354225,R100_A100,R100_A100
21,MIDAS-louvain,Embedding,6781.0,,,0.9923701731428342,0.9937417951981692,1.0,,0.6217936830820894,0.5269490565970073,0.7995314361300915,0.7426955921990022,0.9886555973240544,0.9961808467434832,0.5749833765172431,0.5710266423684781,,,0.9508916815423611,0.9673686872563756,1.0,,0.4417528444458647,0.3803043898252908,0.6855297715734916,0.6449722539848503,0.975904907054516,0.984572390949218,0.5465966426225973,0.5480317592118592,0.094937349453191,0.013419849579708,0.0147470874502285,0.0120926117091874,0.7976699601828638,0.8169886447426633,0.7783512756230645,0.8750184338593128,0.8858575431352308,0.8641793245833947,R100_A100,R100_A100
22,multigrate-louvain,Embedding,6781.0,,,0.971354148822956,0.9761172325234504,1.0,,0.5753384153707837,0.4433735323189186,0.8079105494064881,0.7202455378272057,0.9957281285026096,0.9998506574404066,0.6533745437912009,0.6439472362313015,,,0.9100366555107504,0.9337264693397306,1.0,,0.4289988549493397,0.3671821364806122,0.6428493061732689,0.6068387732948738,0.9681212411223395,0.9775165905484332,0.5277698983079275,0.5879723304243459,0.1403711664232849,0.0017696504940274,0.002064592243032,0.0014747087450228,0.4624686624391683,0.4373986137737797,0.4875387111045569,0.6355257336676007,0.6136263088040113,0.6574251585311901,R100_A100,R100_A100
23,multivi-louvain,Embedding,6781.0,,,0.9902374908510476,0.9920309825398989,1.0,,0.650225066066611,0.5428097098487045,0.8307968179560817,0.7560675363506401,0.9948876685455628,0.9988529297935608,0.6397206457002943,0.618634417960722,,,0.9801346841334736,0.9795285724969646,1.0,,0.5425188118714226,0.4606923546120204,0.7630714055089024,0.7017862622110232,0.9863174286483248,0.9907698079839168,0.6030831372406753,0.6005441677626197,0.0382359943282975,0.010839109275918,0.0101754903406577,0.0115027282111782,0.8287863147028462,0.8413213390355405,0.8162512903701519,0.89418964754461,0.8988349800914319,0.889544314997788,R100_A100,R100_A100
24,cobolt-louvain,Embedding,6781.0,,,0.9308497335262784,0.9842819816924868,1.0,,0.4690662856697135,0.4786455496528338,0.6891206989338386,0.6744184360107749,0.9710294978133364,0.9917510519263004,0.5536699221170929,0.6296254435963538,,,0.8953872687537886,0.9418912905731652,1.0,,0.3927950138446707,0.4385503876258173,0.608545594247066,0.6173412932567031,0.9586342737726152,0.9701025096979392,0.51683031812259,0.5864346300416852,0.0820679113707221,0.0044241262350685,0.0045715971095708,0.0042766553605662,0.5850906945878189,0.6540333284176375,0.5161480607580003,0.7604335643710367,0.819938062232709,0.7009290665093644,R100_A100,R10_A10
25,MIDAS-louvain,Embedding,6781.0,,,0.9715028636020226,0.9884498371353426,1.0,,0.5689025558899887,0.5211189504437959,0.7533971243089681,0.7124111828103679,0.9759773377148464,0.9908257985462532,0.5527949417978159,0.5725090671320147,,,0.9181994936346886,0.954509413687114,1.0,,0.3136172990563659,0.3945629581049765,0.5519739103216658,0.5846457729046783,0.9557912463603312,0.9564664688839708,0.5072760245029154,0.5420650243502947,0.1386320931375675,0.0037605072998082,0.0038342427370594,0.0036867718625571,0.6549918891019024,0.6826426780710809,0.6273411001327238,0.7793835717445805,0.8031263825394485,0.7556407609497124,R100_A100,R10_A10
26,multigrate-louvain,Embedding,6781.0,,,0.952725684540993,0.9664206508193132,1.0,,0.5604023178381062,0.5027772050551075,0.7452112465779549,0.706409613867418,0.9787606229727168,0.995773838162266,0.5846204000859435,0.6330258706809292,,,0.7595177797459264,0.9033871409275168,1.0,,0.317939495188684,0.3777549513119846,0.4684921946868868,0.4965211608978587,0.9256451524407484,0.9183772335775692,0.4835981424810224,0.5323415411880701,0.1745375865983618,0.0011797669960182,0.0011797669960182,0.0011797669960182,0.4480165167379442,0.5331072113257631,0.3629258221501253,0.6321339035540481,0.7184781005751364,0.5457897065329598,R100_A100,R10_A10
27,multivi-louvain,Embedding,6781.0,,,0.9822142359578556,0.9909268144815088,1.0,,0.5186305144436512,0.4647491692892981,0.7556208480652297,0.7032278665117571,0.9844384810311076,0.9954860734227258,0.5977142983846813,0.5903999438703784,,,0.8993292497057516,0.9539664228639262,1.0,,0.4769833605418594,0.5150476706450169,0.6439096122563623,0.6558416194255667,0.9548712216421088,0.9642690947268656,0.5251758278310791,0.5655078248015566,0.0846391914429225,0.0034655655508037,0.0035393009880548,0.0033918301135525,0.6816103819495649,0.7205426928181684,0.6426780710809615,0.8141129626898688,0.8408789264120337,0.7873469989677039,R100_A100,R10_A10
28,scmomat-louvain,Embedding,6781.0,,,0.9361591672185726,0.986832047851832,1.0,,0.4473362510541953,0.4813149446217357,0.6445806880021763,0.6441934626356627,0.9613273145668324,0.978496317477664,0.5270611147767068,0.5563570138616005,,,0.8210509811910376,0.9181208756445974,1.0,,0.4009881269476097,0.4134805444007228,0.5147485426673166,0.5177221262462381,0.9439759636842672,0.9420473630823218,0.5012256437311216,0.5305014235513718,0.2084547677294581,0.0044241262350685,0.0042766553605662,0.0045715971095708,0.5824362188467778,0.61613331367055,0.5487391240230055,0.7571892051319864,0.7966376640613478,0.717740746202625,R100_A100,R10_A10
29,cobolt-louvain,Embedding,6781.0,,,0.9781388395256436,0.988492158698667,1.0,,0.6186456188301676,0.542132417912094,0.7775777538919686,0.7308448231536471,0.9857230577573756,0.9975553584036562,0.5916881740037311,0.6352521990831222,,,0.946305780570578,0.9687477483314234,1.0,,0.5386603890052422,0.5692750874271528,0.6908880242006769,0.6856437030716352,0.9724003507555632,0.98300493536932,0.5453076670296497,0.6049209841541989,0.0706180734658097,0.0058250995428402,0.0045715971095708,0.0070786019761097,0.6445214570122402,0.7109570859755199,0.5780858280489604,0.7682495207196578,0.8192007078601976,0.7172983335791181,R100_A100,R25_A25
30,MIDAS-louvain,Embedding,6781.0,,,0.9876662862941348,0.9927388763973868,1.0,,0.6130261143357786,0.5272847959145517,0.7891455800975758,0.7336967780682291,0.984606274809971,0.9932490101180262,0.5713234610792856,0.5725723916901985,,,0.954198043492814,0.9709498049961708,1.0,,0.407255239674278,0.398553378158957,0.6634892561616577,0.64201981018123,0.9673583690495128,0.976483943468156,0.536740836791451,0.5494830813952964,0.0997880451423113,0.0105441675269134,0.0115027282111782,0.0095856068426485,0.7585164430025071,0.7784987464975668,0.7385341395074473,0.8596077274738239,0.8724376935555228,0.846777761392125,R100_A100,R25_A25
31,multigrate-louvain,Embedding,6781.0,,,0.9696829499030384,0.9741945629296704,1.0,,0.623443412493042,0.5132599236570993,0.8021523848448547,0.732629865607256,0.991584714567436,0.9992217351762888,0.6354663747653904,0.6598070369321974,,,0.8125515633967646,0.9117968705691344,1.0,,0.3608999718136398,0.3462840152503239,0.5562606477685356,0.5539159116834181,0.953222009562028,0.9582497728445728,0.499398779052304,0.5602286839200514,0.1836445492178987,0.0014009733077717,0.0019171213685297,0.0008848252470137,0.4823034950597257,0.5698274590768323,0.3947795310426191,0.6527060905471169,0.7233446394337119,0.582067541660522,R100_A100,R25_A25
32,multivi-louvain,Embedding,6781.0,,,0.9850023990500631,0.9886750647850944,1.0,,0.6479786008637389,0.5362838809728512,0.8245148458276637,0.752500503028304,0.9904449630625716,0.9983754118515412,0.621402953124613,0.6098407980472782,,,0.9605272762861434,0.9727647522411196,1.0,,0.5051252352266591,0.4851579069657983,0.7142924003124316,0.6858405532762643,0.97205980868023,0.9871399074957342,0.566879119182561,0.5892899761849786,0.0568712152141575,0.0061200412918448,0.0060463058545937,0.006193776729096,0.7711252027724524,0.7985547854298776,0.7436956201150273,0.870004424126235,0.8827606547706828,0.8572481934817874,R100_A100,R25_A25
33,scmomat-louvain,Embedding,6781.0,,,0.9605002049619188,0.991516216893673,1.0,,0.5073027391232109,0.4681935210096943,0.7089524544659627,0.6829020058560471,0.9723337203214651,0.989250951093445,0.5430918097341505,0.5642209064344281,,,0.8721132237888253,0.9325426242616972,1.0,,0.4280776865146422,0.4310816710547205,0.5795428952042919,0.5812306519634349,0.9499399469452602,0.9514007939312942,0.4924989138925572,0.5290884294038883,0.2033407513872668,0.0037605072998082,0.0036867718625571,0.0038342427370594,0.5390060463058546,0.5919480902521752,0.486064002359534,0.7315292729685887,0.7795310426190827,0.6835275033180946,R100_A100,R25_A25
34,cobolt-louvain,Embedding,6781.0,,,0.9850911617298892,0.9902101350265844,1.0,,0.5597473172735059,0.5021003709405699,0.7791345473640184,0.7338706457558125,0.989036873638541,0.9975846759890146,0.605962063126473,0.6328738799471486,,,0.9596345031151384,0.9738885891142516,1.0,,0.5305170515555956,0.5531690666744292,0.7196034723457668,0.7143714168753986,0.9711936516548428,0.9827132086461272,0.5578020629599977,0.605622816759429,0.0586353091813548,0.0058250995428402,0.0057513641055891,0.0058988349800914,0.7052057218699307,0.731160595782333,0.6792508479575284,0.8344639433711842,0.8523816546232119,0.8165462321191564,R100_A100,R50_A50
35,MIDAS-louvain,Embedding,6781.0,,,0.994139759903762,0.9940863703056724,1.0,,0.6591285187009829,0.566420327665235,0.7996453783267424,0.7426560863872395,0.9879061579293158,0.9951566247904142,0.5761150873119396,0.5752704975958427,,,0.9672446636083718,0.9721550829165506,1.0,,0.5367367630985509,0.4697570823286588,0.7073538675702775,0.6680790050283906,0.9720677049770624,0.980454000985634,0.5520830728648429,0.5561462765968692,0.0891926401312027,0.0129774369562011,0.0145996165757262,0.011355257336676,0.795679103377083,0.819938062232709,0.771420144521457,0.8754608464828197,0.8904291402448017,0.8604925527208377,R100_A100,R50_A50
36,multigrate-louvain,Embedding,6781.0,,,0.9777211340898876,0.986476485051273,1.0,,0.6177962166791018,0.506402905096415,0.8152817720688241,0.7401629214707884,0.995950312231157,0.9996085942732617,0.6589130207890411,0.6682262845757526,,,0.8622642254872895,0.9286093405842194,1.0,,0.3820036474261573,0.3496458194991513,0.5959335805749522,0.579455695284959,0.9596151878828326,0.9665892758440234,0.5063857834104842,0.5756381779118598,0.1339792250269622,0.0014009733077717,0.0014747087450228,0.0013272378705205,0.4178587229022268,0.4155729243474413,0.4201445214570122,0.6327975224893083,0.6068426485769061,0.6587523964017107,R100_A100,R50_A50
37,multivi-louvain,Embedding,6781.0,,,0.9891435074564668,0.9883641248004736,1.0,,0.568490234461527,0.5011773385880732,0.8072652498897853,0.7472996254125241,0.9921316874722568,0.998592077635527,0.624552796532526,0.5989443937202744,,,0.9754621567423052,0.9753282787985416,1.0,,0.6384575240364743,0.5771041769065464,0.7663400764817673,0.7235611456120011,0.9797873552253042,0.9884980172269252,0.5818405859884732,0.5801554088179695,0.0478664883387639,0.01032296121516,0.0112077864621737,0.0094381359681462,0.8156614068721428,0.8271641350833211,0.8041586786609645,0.8894705795605368,0.8991299218404365,0.879811237280637,R100_A100,R50_A50
38,scmomat-louvain,Embedding,6781.0,,,0.9339088723456213,0.9894265351437592,1.0,,0.5639294556138597,0.5147001208358967,0.7580909970413259,0.7196584891106165,0.9835480563166076,0.996450913805216,0.5628343552316752,0.5684332230043021,,,0.9101809469955516,0.9358831111193654,1.0,,0.3435847001381357,0.3398308873083653,0.5923892022301934,0.5789485841871158,0.9604036420683574,0.9688291803449408,0.5064687379412735,0.5618845538062823,0.1931980673899488,0.0042029199233151,0.0047190679840731,0.0036867718625571,0.5445362040996904,0.6120041291844861,0.4770682790148945,0.774000884825247,0.7846925232266627,0.7633092464238312,R100_A100,R50_A50
39,cobolt-louvain,Embedding,6781.0,,,0.98504791974515,0.9905450549063894,1.0,,0.6401008381180042,0.5412977272551919,0.8201333214801895,0.7577922025090367,0.9921320596071906,0.9988934377786126,0.619875259886268,0.6392714543375003,,,0.9755685610299794,0.9784325076830902,1.0,,0.5810243300110232,0.5093304768019385,0.7465975537028141,0.7042115868561557,0.9784215220673236,0.9896313828655438,0.5767873735591506,0.613890542412744,0.0480657621365909,0.0091431942191417,0.0075210145996165,0.0107653738386668,0.7608022415572924,0.7917711252027725,0.7298333579118124,0.8595339920365728,0.8659489750774222,0.8531190089957233,R100_A100,R75_A75
40,MIDAS-louvain,Embedding,6781.0,,,0.9929549672555364,0.9953661870645416,1.0,,0.6278249669861566,0.5251459532247544,0.792867797146507,0.732907413475348,0.9883590591740068,0.9954613026773488,0.5743202832674091,0.5704650453606529,,,0.9643372102454502,0.9795237609018492,1.0,,0.4230746354333414,0.3864230234688318,0.668948165920298,0.6367238066480115,0.9740470419198548,0.9838452932473108,0.549699305197273,0.5512221302951187,0.0919093141764876,0.0125350243326942,0.0135673204542102,0.0115027282111782,0.7939831883203068,0.8169886447426633,0.7709777318979502,0.8725851644300251,0.8857100722607285,0.8594602565993217,R100_A100,R75_A75
41,multigrate-louvain,Embedding,6781.0,,,0.975875987509434,0.9715575037034124,1.0,,0.6292291365301264,0.4817468462661723,0.8248408472525677,0.7306462741406028,0.993477380466875,0.9994225270503992,0.6339137745882142,0.6551510108960336,,,0.8912026158617276,0.9529040776077902,1.0,,0.4527531160564181,0.431051332659418,0.6355284125577467,0.6267106135452672,0.9629970381188584,0.9725241091270072,0.5142655113916612,0.5784910709240997,0.1385700905622533,0.001548444182274,0.002064592243032,0.001032296121516,0.4240524996313228,0.429287715676154,0.4188172835864917,0.5607580002949417,0.5313375608317358,0.5901784397581478,R100_A100,R75_A75
42,multivi-louvain,Embedding,6781.0,,,0.990000822480331,0.9914396660062345,1.0,,0.6517509055044587,0.5594378521764769,0.8279258903118699,0.7655181873303329,0.9953470736629664,0.9990187536787152,0.6384439055590467,0.6152711922247313,,,0.9771916252505528,0.974267727790642,1.0,,0.6414677605105831,0.5363553722558132,0.7870064248639339,0.7189191737815208,0.982955821316888,0.9920195217767804,0.5995517757090876,0.5942494659554786,0.0400820878431,0.0117239345229317,0.011355257336676,0.0120926117091874,0.819421914171951,0.8361598584279605,0.8026839699159416,0.8837929508921988,0.8983925674679251,0.8691933343164725,R100_A100,R75_A75
43,scmomat-louvain,Embedding,6781.0,,,0.9654417344460648,0.9932649788687632,1.0,,0.4959284214584154,0.4637893927509937,0.7343926420002129,0.6957981631334055,0.9823594233928958,0.996401757802014,0.5485922399425531,0.5535437903191959,,,0.9146450896790248,0.9423132113296808,1.0,,0.36311263156912,0.3613538326204117,0.6018338691113612,0.585190893364119,0.9627567044592932,0.9693380904503368,0.5159212435517972,0.5468545066808608,0.189243190389379,0.0042029199233151,0.0035393009880548,0.0048665388585754,0.5847220174015633,0.6043356437103672,0.5651083910927592,0.7610234478690459,0.7618345376788085,0.7602123580592833,R100_A100,R75_A75
44,scmomat-louvain,Embedding,6781.0,,,0.97186351097576,0.9909617247043226,1.0,,0.494749895655141,0.4357859630796973,0.7434283401896413,0.6908106299027258,0.9853591044346328,0.9926458100782088,0.5621499817620547,0.5850741875067546,,,0.9415418047556418,0.9508084789535142,1.0,,0.3547951489675068,0.3550593580241067,0.609376335929641,0.5965887170197492,0.9640105619086278,0.9775318164711396,0.5192222523061336,0.5634363978985316,0.2707394862955061,0.0031706238017991,0.0022120631175342,0.004129184486064,0.4485326647987022,0.4471316914909305,0.4499336381064739,0.6482819643120483,0.6637664061347884,0.6327975224893083,R100_A100,R100_A100
45,SeuratV5,Embedding,13562.0,,,,,,,,,,,,,,,,,,,,,,,,,,,,,0.0720065418697562,0.0044978616723197,0.0044241262350685,0.0045715971095708,0.7499631322813745,0.7649314260433564,0.7349948385193924,0.841100132723787,0.850906945878189,0.831293319569385,R10_A10,R100_A100
46,SeuratV5,Embedding,13562.0,,,,,,,,,,,,,,,,,,,,,,,,,,,,,0.0534046710187066,0.0087007815956348,0.0091431942191417,0.008258368972128,0.8048222975962247,0.8407314555375314,0.7689131396549181,0.8669075357616871,0.9017843975814775,0.8320306739418964,R25_A25,R100_A100
47,SeuratV5,Embedding,13562.0,,,,,,,,,,,,,,,,,,,,,,,,,,,,,0.043002831044983,0.0117976699601828,0.0140097330777171,0.0095856068426485,0.8380769797964902,0.8506120041291845,0.8255419554637959,0.8919775844270756,0.906061052942044,0.8778941159121073,R50_A50,R100_A100
48,SeuratV5,Embedding,13562.0,,,,,,,,,,,,,,,,,,,,,,,,,,,,,0.0381851265543024,0.0112077864621737,0.0129774369562011,0.0094381359681462,0.8381507152337413,0.8482524701371479,0.8280489603303347,0.8912402300545642,0.9020793393304822,0.8804011207786462,R75_A75,R100_A100
49,SeuratV5,Embedding,13562.0,,,,,,,,,,,,,,,,,,,,,,,,,,,,,0.0372368742603213,0.011871405397434,0.0137147913287125,0.0100280194661554,0.8424273705943076,0.8619672614658604,0.8228874797227548,0.8917563781153222,0.910780120926117,0.8727326353045274,R100_A100,R100_A100
50,SeuratV5,Embedding,13562.0,,,,,,,,,,,,,,,,,,,,,,,,,,,,,0.1327070087332726,0.0037605072998082,0.0042766553605662,0.0032443592390502,0.6412770977731899,0.6864769208081404,0.5960772747382392,0.752322666273411,0.7978174310573661,0.7068279014894558,R100_A100,R10_A10
51,SeuratV5,Embedding,13562.0,,,,,,,,,,,,,,,,,,,,,,,,,,,,,0.0681297172167146,0.0060463058545937,0.0067836602271051,0.0053089514820822,0.7805633387405988,0.8082878631470285,0.752838814334169,0.8532664798702256,0.8770092906650937,0.8295236690753576,R100_A100,R25_A25
52,SeuratV5,Embedding,13562.0,,,,,,,,,,,,,,,,,,,,,,,,,,,,,0.0465012138129559,0.0098805485916531,0.0125350243326942,0.007226072850612,0.8161775549329008,0.8274590768323257,0.8048960330334759,0.8709629848104999,0.8842353635157056,0.8576906061052942,R100_A100,R50_A50
53,SeuratV5,Embedding,13562.0,,,,,,,,,,,,,,,,,,,,,,,,,,,,,0.039968227975314,0.0106179029641645,0.013419849579708,0.0078159563486211,0.829228727326353,0.850906945878189,0.8075505087745171,0.8812122105884088,0.9047338150715234,0.8576906061052942,R100_A100,R75_A75
54,StabMap,Embedding,13562.0,,,,,,,,,,,,,,,,,,,,,,,,,,,,,0.3532707206636968,0.0007373543725114,0.0007373543725114,0.0007373543725114,0.255935702698717,0.2855036130364253,0.2263677923610087,0.3975077422209113,0.4474266332399351,0.3475888512018876,R10_A10,R100_A100
55,StabMap,Embedding,13562.0,,,,,,,,,,,,,,,,,,,,,,,,,,,,,0.3524852930913494,0.0009585606842648,0.0011797669960182,0.0007373543725114,0.2407462026249815,0.2458339477953104,0.2356584574546527,0.4190384898982451,0.4248635894410854,0.4132133903554048,R25_A25,R100_A100
56,StabMap,Embedding,13562.0,,,,,,,,,,,,,,,,,,,,,,,,,,,,,0.3429794892827645,0.0011797669960182,0.0013272378705205,0.001032296121516,0.2144963869635747,0.2508479575283881,0.1781448163987612,0.3787789411591211,0.4512608759769945,0.3062970063412476,R50_A50,R100_A100
57,StabMap,Embedding,13562.0,,,,,,,,,,,,,,,,,,,,,,,,,,,,,0.3321556903586604,0.001548444182274,0.0017696504940274,0.0013272378705205,0.3032738534139507,0.4052499631322814,0.2012977436956201,0.4822297596224745,0.5398908715528683,0.4245686476920808,R75_A75,R100_A100
58,StabMap,Embedding,13562.0,,,,,,,,,,,,,,,,,,,,,,,,,,,,,0.4164817046406524,0.0009585606842648,0.0007373543725114,0.0011797669960182,0.2742958265742515,0.3002507004866538,0.2483409526618492,0.4112225335496239,0.4542102934670403,0.3682347736322076,R100_A100,R10_A10
59,StabMap,Embedding,13562.0,,,,,,,,,,,,,,,,,,,,,,,,,,,,,0.3190307281588099,0.0007373543725114,0.0005898834980091,0.0008848252470137,0.3930098805485916,0.4499336381064739,0.3360861229907093,0.5493290075210147,0.6130364253060021,0.4856215897360271,R100_A100,R25_A25
60,StabMap,Embedding,13562.0,,,,,,,,,,,,,,,,,,,,,,,,,,,,,0.2993581765684155,0.0011797669960182,0.001032296121516,0.0013272378705205,0.4110013272378705,0.4918153664651231,0.3301872880106179,0.5451260875976995,0.6307329302462764,0.4595192449491225,R100_A100,R50_A50
61,StabMap,Embedding,13562.0,,,,,,,,,,,,,,,,,,,,,,,,,,,,,0.320089393316653,0.0017696504940274,0.0023595339920365,0.0011797669960182,0.3865211620704911,0.4869488276065477,0.2860934965344344,0.5071523374133609,0.6174605515410706,0.3968441232856511,R100_A100,R75_A75
62,StabMap,Embedding,13562.0,,,,,,,,,,,,,,,,,,,,,,,,,,,,,0.3177021419334421,0.0009585606842648,0.0013272378705205,0.0005898834980091,0.3248783365285356,0.467482672172246,0.1822740008848252,0.4361451113405102,0.570712284323846,0.3015779383571744,R100_A100,R100_A100
